{
    "name": "lol",
    "safe_name": "lol",
    "start_date": "2025-04-11",
    "people": [
        {
            "id": "4bcc7025c4c6",
            "created_at": "2025-04-11T05:48:08.413140",
            "profile": {
                "Profile Picture Section": {
                    "profilepicturefile": {
                        "id": "c34e69d57354",
                        "name": "profilepic.png",
                        "path": "c34e69d57354_profilepic.png"
                    }
                },
                "core": {
                    "name": [
                        {
                            "first_name": "llama man"
                        }
                    ]
                },
                "social": {},
                "Tagged People": {
                    "tagged_people": [
                        "6c40b53f7c57"
                    ]
                }
            }
        },
        {
            "id": "6c40b53f7c57",
            "created_at": "2025-04-11T05:48:30.034165",
            "profile": {
                "Profile Picture Section": {
                    "profilepicturefile": {
                        "id": "c9ddd8cd06c4",
                        "name": "profilepic.png",
                        "path": "c9ddd8cd06c4_profilepic.png"
                    }
                },
                "core": {
                    "name": [
                        {
                            "first_name": "llama",
                            "last_name": "man"
                        }
                    ],
                    "summary": [
                        "he did this"
                    ],
                    "basic_file": [
                        {
                            "id": "96e1ab2935be",
                            "name": "git_timer.sh",
                            "path": "96e1ab2935be_git_timer.sh"
                        }
                    ],
                    "commentated_file": [
                        {
                            "comment": [
                                "oh yeah!!"
                            ]
                        }
                    ]
                },
                "social": {},
                "Tagged People": {
                    "tagged_people": []
                }
            }
        }
    ]
}